fold,L_cmH2O,l_normalised,C_at_fold
left,14.2587344456865,0.285174688913729,33.2448802993848
right,17.75,0.355,48.2366089649604
